dbn,num_of_sat_test_takers,sat_critical_reading_avg_score,sat_math_avg_score,sat_writing_avg_score,school_name
01M292,29,355,404,363,HENRY STREET SCHOOL FOR INTERNATIONAL STUDIES
01M448,91,383,423,366,UNIVERSITY NEIGHBORHOOD HIGH SCHOOL
01M450,70,377,402,370,EAST SIDE COMMUNITY SCHOOL
01M458,7,414,401,359,FORSYTH SATELLITE ACADEMY
01M509,44,390,433,384,MARTA VALLE HIGH SCHOOL
01M515,112,332,557,316,LOWER EAST SIDE PREPARATORY HIGH SCHOOL
01M539,159,522,574,525,"NEW EXPLORATIONS INTO SCIENCE, TECHNOLOGY AND MATH HIGH SCHOOL"
01M650,18,417,418,411,CASCADES HIGH SCHOOL
01M696,130,624,604,628,BARD HIGH SCHOOL EARLY COLLEGE
02M047,16,395,400,387,47 THE AMERICAN SIGN LANGUAGE AND ENGLISH SECONDARY SCHOOL
02M288,62,409,393,392,FOOD AND FINANCE HIGH SCHOOL
02M294,53,394,384,378,ESSEX STREET ACADEMY
02M296,58,374,375,362,HIGH SCHOOL OF HOSPITALITY MANAGEMENT
02M298,85,423,438,432,PACE HIGH SCHOOL
02M300,48,404,449,416,"URBAN ASSEMBLY SCHOOL OF DESIGN AND CONSTRUCTION, THE"
02M303,76,353,358,340,"FACING HISTORY SCHOOL, THE"
02M305,50,375,388,385,"URBAN ASSEMBLY ACADEMY OF GOVERNMENT AND LAW, THE"
02M308,40,403,392,405,LOWER MANHATTAN ARTS ACADEMY
02M313,69,408,390,390,"JAMES BALDWIN SCHOOL, THE: A SCHOOL FOR EXPEDITIONARY LEARNING"
02M316,42,373,370,384,"URBAN ASSEMBLY SCHOOL OF BUSINESS FOR YOUNG WOMEN, THE"
02M374,60,391,391,394,GRAMERCY ARTS HIGH SCHOOL
02M376,92,473,483,479,NYC ISCHOOL
02M392,s,s,s,s,MANHATTAN BUSINESS ACADEMY
02M393,s,s,s,s,BUSINESS OF SPORTS SCHOOL
02M394,79,319,512,357,EMMA LAZARUS HIGH SCHOOL
02M399,s,s,s,s,THE HIGH SCHOOL FOR LANGUAGE AND DIPLOMACY
02M400,263,465,493,461,HIGH SCHOOL FOR ENVIRONMENTAL STUDIES
02M407,54,492,465,467,INSTITUTE FOR COLLABORATIVE EDUCATION
02M408,94,509,490,523,PROFESSIONAL PERFORMING ARTS HIGH SCHOOL
02M411,104,496,563,518,BARUCH COLLEGE CAMPUS HIGH SCHOOL
02M412,114,537,590,550,N.Y.C. LAB SCHOOL FOR COLLABORATIVE STUDIES
02M413,66,517,533,515,SCHOOL OF THE FUTURE HIGH SCHOOL
02M414,103,468,492,459,N.Y.C. MUSEUM SCHOOL
02M416,127,572,594,592,ELEANOR ROOSEVELT HIGH SCHOOL
02M418,144,528,553,533,MILLENNIUM HIGH SCHOOL
02M419,62,390,399,381,LANDMARK HIGH SCHOOL
02M420,336,429,449,428,HIGH SCHOOL FOR HEALTH PROFESSIONS AND HUMAN SERVICES
02M425,84,416,426,391,LEADERSHIP AND PUBLIC SERVICE HIGH SCHOOL
02M427,s,s,s,s,MANHATTAN ACADEMY FOR ARTS & LANGUAGE
02M429,29,356,357,349,LEGACY SCHOOL FOR INTEGRATED STUDIES
02M437,s,s,s,s,HUDSON HIGH SCHOOL OF LEARNING TECHNOLOGIES
02M438,s,s,s,s,INTERNATIONAL HIGH SCHOOL AT UNION SQUARE
02M439,95,441,473,458,MANHATTAN VILLAGE ACADEMY
02M440,59,378,365,368,BAYARD RUSTIN EDUCATIONAL COMPLEX
02M449,72,395,416,388,VANGUARD HIGH SCHOOL
02M459,49,376,460,391,MANHATTAN INTERNATIONAL HIGH SCHOOL
02M460,151,373,387,360,WASHINGTON IRVING HIGH SCHOOL
02M473,s,s,s,s,WASHINGTON IRVING YABC
02M475,832,679,735,682,STUYVESANT HIGH SCHOOL
02M489,167,443,489,442,HIGH SCHOOL OF ECONOMICS AND FINANCE
02M500,25,370,349,351,UNITY CENTER FOR URBAN TECHNOLOGIES
02M519,81,469,472,475,TALENT UNLIMITED HIGH SCHOOL
02M520,264,407,440,393,MURRY BERGTRAUM HIGH SCHOOL FOR BUSINESS CAREERS
02M529,131,414,425,400,JACQUELINE KENNEDY ONASSIS HIGH SCHOOL
02M531,42,429,404,420,REPERTORY COMPANY HIGH SCHOOL FOR THEATRE ARTS
02M542,66,336,378,344,MANHATTAN BRIDGES HIGH SCHOOL
02M543,73,391,395,382,NEW DESIGN HIGH SCHOOL
02M544,14,389,371,335,INDEPENDENCE HIGH SCHOOL
02M545,78,412,581,431,HIGH SCHOOL FOR DUAL LANGUAGE AND ASIAN STUDIES
02M550,26,368,436,352,LIBERTY HIGH SCHOOL ACADEMY FOR NEWCOMERS
02M551,77,405,423,384,THE URBAN ASSEMBLY NEW YORK HARBOR SCHOOL
02M560,56,498,440,477,HIGH SCHOOL M560 s CITY AS SCHOOL
02M565,30,527,508,512,URBAN ACADEMY LABORATORY HIGH SCHOOL
02M570,33,350,337,345,SATELLITE ACADEMY HIGH SCHOOL
02M575,121,345,517,343,MANHATTAN COMPREHENSIVE NIGHT AND DAY HIGH SCHOOL
02M580,84,408,384,403,RICHARD R. GREEN HIGH SCHOOL OF TEACHING
02M586,9,458,416,429,HARVEY MILK HIGH SCHOOL
02M600,335,423,423,411,THE HIGH SCHOOL OF FASHION INDUSTRIES
02M605,36,426,403,426,HUMANITIES PREPARATORY ACADEMY
02M615,83,399,418,390,CHELSEA CAREER AND TECHNICAL EDUCATION HIGH SCHOOL
02M620,154,370,379,359,NORMAN THOMAS HIGH SCHOOL
02M625,191,395,382,376,HIGH SCHOOL OF GRAPHIC COMMUNICATION ARTS
02M630,270,444,441,430,ART AND DESIGN HIGH SCHOOL
02M655,61,409,424,403,LIFE SCIENCES SECONDARY SCHOOL
03M283,27,406,379,408,MANHATTAN THEATRE LAB HIGH SCHOOL
03M299,49,374,384,374,"HIGH SCHOOL FOR ARTS, IMAGINATION AND INQUIRY"
03M307,41,384,390,370,"URBAN ASSEMBLY SCHOOL FOR MEDIA STUDIES, THE"
03M402,s,s,s,s,THE URBAN ASSEMBLY SCHOOL FOR GREEN CAREERS
03M403,s,s,s,s,THE GLOBAL LEARNING COLLABORATIVE
03M404,12,416,403,381,INNOVATION DIPLOMA PLUS
03M415,32,371,368,370,WADLEIGH SECONDARY SCHOOL FOR THE PERFORMING & VISUAL ARTS
03M417,s,s,s,s,FRANK MCCOURT HIGH SCHOOL
03M470,131,370,390,358,LOUIS D. BRANDEIS HIGH SCHOOL
03M479,261,577,575,592,BEACON HIGH SCHOOL
03M485,531,566,564,577,FIORELLO H. LAGUARDIA HIGH SCHOOL OF MUSIC & ART AND PERFORMING ARTS
03M492,66,396,398,402,"HIGH SCHOOL FOR LAW, ADVOCACY AND COMMUNITY JUSTICE"
03M494,75,433,433,411,HIGH SCHOOL OF ARTS AND TECHNOLOGY
03M505,35,401,369,351,EDWARD A. REYNOLDS WEST SIDE HIGH SCHOOL
03M541,111,473,506,467,MANHATTAN / HUNTER SCIENCE HIGH SCHOOL
03M577,s,s,s,s,YOUNG ADULT BOROUGH CENTER AT LOUIS D. BRANDEIS HS
03M860,43,356,379,361,FREDERICK DOUGLASS ACADEMY II SECONDARY SCHOOL
04M409,48,354,357,373,COALITION SCHOOL FOR SOCIAL CHANGE
04M435,375,461,514,455,MANHATTAN CENTER FOR SCIENCE AND MATHEMATICS
04M495,51,373,379,376,PARK EAST HIGH SCHOOL
04M555,73,405,421,395,CENTRAL PARK EAST HIGH SCHOOL
04M610,70,432,446,448,YOUNG WOMEN'S LEADERSHIP SCHOOL
04M635,48,369,369,357,ACADEMY OF ENVIRONMENTAL SCIENCE SECONDARY HIGH SCHOOL
04M680,31,358,351,345,"HERITAGE SCHOOL, THE"
05M285,29,357,318,333,HARLEM RENAISSANCE HIGH SCHOOL
05M304,54,413,399,398,MOTT HALL HIGH SCHOOL
05M362,s,s,s,s,"COLUMBIA SECONDARY SCHOOL FOR MATH, SCIENCE, AND ENGINEERING"
05M367,33,354,366,342,ACADEMY FOR SOCIAL ACTION: A COLLEGE BOARD SCHOOL
05M369,56,360,353,364,URBAN ASSEMBLY SCHOOL FOR THE PERFORMING ARTS
05M469,20,354,360,385,CHOIR ACADEMY OF HARLEM
05M499,214,458,474,442,FREDERICK DOUGLASS ACADEMY
05M670,66,396,402,404,THURGOOD MARSHALL ACADEMY FOR LEARNING AND SOCIAL CHANGE
05M685,61,369,361,355,BREAD & ROSES INTEGRATED ARTS HIGH SCHOOL
05M692,101,605,654,588,"HIGH SCHOOL FOR MATHEMATICS, SCIENCE AND ENGINEERING AT CITY COLLEGE"
06M293,60,408,446,416,CITY COLLEGE ACADEMY OF THE ARTS
06M346,55,362,376,367,COMMUNITY HEALTH ACADEMY OF THE HEIGHTS
06M348,70,380,395,399,WASHINGTON HEIGHTS EXPEDITIONARY LEARNING SCHOOL
06M423,s,s,s,s,HIGH SCHOOL FOR EXCELLENCE AND INNOVATION
06M457,7,394,357,346,GEORGE WASHINGTON YABC
06M462,76,365,384,378,HIGH SCHOOL FOR INTERNATIONAL BUSINESS AND FINANCE
06M463,63,369,380,349,HIGH SCHOOL FOR MEDIA AND COMMUNICATIONS
06M467,94,363,378,361,HIGH SCHOOL FOR LAW AND PUBLIC SERVICE
06M468,24,400,422,402,HIGH SCHOOL FOR HEALTH CAREERS AND SCIENCES
06M540,228,430,456,423,A. PHILIP RANDOLPH CAMPUS HIGH SCHOOL
06M552,56,339,349,326,GREGORIO LUPERON HIGH SCHOOL FOR SCIENCE AND MATHEMATICS
07X221,65,364,378,348,SOUTH BRONX PREPARATORY: A COLLEGE BOARD SCHOOL
07X321,9,379,364,382,CROTONA ACADEMY HIGH SCHOOL
07X334,34,310,324,311,INTERNATIONAL COMMUNITY HIGH SCHOOL
07X379,s,s,s,s,JILL CHAIFETZ TRANSFER HIGH SCHOOL
07X381,s,s,s,s,BRONX HAVEN HIGH SCHOOL
07X427,43,361,359,357,COMMUNITY SCHOOL FOR SOCIAL JUSTICE
07X473,63,351,375,371,MOTT HAVEN VILLAGE PREPARATORY HIGH SCHOOL
07X495,79,403,394,404,UNIVERSITY HEIGHTS SECONDARY SCHOOL
07X500,66,420,426,411,HOSTOSsLINCOLN ACADEMY OF SCIENCE
07X520,64,399,396,391,FOREIGN LANGUAGE ACADEMY OF GLOBAL STUDIES
07X527,62,362,378,363,BRONX LEADERSHIP ACADEMY II HIGH SCHOOL
07X547,28,367,356,361,NEW EXPLORERS HIGH SCHOOL
07X548,44,387,411,383,URBAN ASSEMBLY SCHOOL FOR CAREERS IN SPORTS
07X551,51,413,381,407,BRONX ACADEMY OF LETTERS
07X600,76,394,400,364,ALFRED E. SMITH CAREER AND TECHNICAL EDUCATION HIGH SCHOOL
07X655,47,398,416,370,SAMUEL GOMPERS CAREER AND TECHNICAL EDUCATION HIGH SCHOOL
07X670,114,363,368,364,HEALTH OPPORTUNITIES HIGH SCHOOL
08X269,s,s,s,s,BRONX STUDIO SCHOOL FOR WRITERS AND ARTISTS
08X282,44,407,386,378,WOMEN'S ACADEMY OF EXCELLENCE
08X293,52,384,385,389,RENAISSANCE HIGH SCHOOL FOR MUSICAL THEATER & TECHNOLOGY
08X295,41,416,390,394,GATEWAY SCHOOL FOR ENVIRONMENTAL RESEARCH AND TECHNOLOGY
08X305,67,337,361,340,PABLO NERUDA ACADEMY FOR ARCHITECTURE AND WORLD STUDIES
08X312,67,387,402,375,MILLENNIUM ART ACADEMY
08X332,39,363,371,350,HOLCOMBE L. RUCKER SCHOOL OF COMMUNITY RESEARCH
08X367,s,s,s,s,"ARCHIMEDES ACADEMY FOR MATH, SCIENCE AND TECHNOLOGY APPLICATIONS"
08X376,s,s,s,s,"ANTONIA PANTOJA PREPARATORY ACADEMY, A COLLEGE BOARD SCHOOL"
08X377,9,367,369,376,BRONX COMMUNITY HIGH SCHOOL
08X405,415,412,436,393,HERBERT H. LEHMAN HIGH SCHOOL
08X408,6,402,373,413,HERBERT H. LEHMAN YABC
08X432,s,s,s,s,BRONX BRIDGES HIGH SCHOOL
08X452,39,369,371,365,BRONX GUILD
08X507,s,s,s,s,STEVENSON YABC
08X519,68,373,370,356,"FELISA RINCON DE GAUTIER INSTITUTE FOR LAW AND PUBLIC POLICY, THE"
08X530,54,373,381,377,BANANA KELLY HIGH SCHOOL
08X537,s,s,s,s,BRONX ARENA HIGH SCHOOL
08X540,16,366,400,368,SCHOOL FOR COMMUNITY RESEARCH AND LEARNING
08X560,9,404,368,399,HIGH SCHOOL X560 s BRONX ACADEMY HIGH SCHOOL
08X650,78,377,359,376,JANE ADDAMS HIGH SCHOOL FOR ACADEMIC CAREERS
09X227,39,324,376,349,BRONX EXPEDITIONARY LEARNING HIGH SCHOOL
09X231,78,373,387,374,EAGLE ACADEMY FOR YOUNG MEN
09X239,33,372,355,357,"URBAN ASSEMBLY ACADEMY FOR HISTORY AND CITIZENSHIP FOR YOUNG MEN, THE"
09X241,80,411,464,415,"URBAN ASSEMBLY SCHOOL FOR APPLIED MATH AND SCIENCE, THE"
09X250,50,393,394,382,EXIMIUS COLLEGE PREPARATORY ACADEMY: A COLLEGE BOARD SCHOOL
09X252,67,369,367,356,MOTT HALL BRONX HIGH SCHOOL
09X260,81,459,480,457,BRONX CENTER FOR SCIENCE AND MATHEMATICS
09X263,74,356,363,356,VALIDUS PREPARATORY ACADEMY: AN EXPEDITIONARY LEARNING SCHOOL
09X276,30,361,353,367,LEADERSHIP INSTITUTE
09X297,38,386,386,376,MORRIS ACADEMY FOR COLLABORATIVE STUDIES
09X324,s,s,s,s,BRONX EARLY COLLEGE ACADEMY FOR TEACHING & LEARNING
09X329,51,382,365,391,DREAMYARD PREPARATORY SCHOOL
09X365,54,315,339,297,ACADEMY FOR LANGUAGE AND TECHNOLOGY
09X403,49,314,312,339,BRONX INTERNATIONAL HIGH SCHOOL
09X404,32,363,360,351,SCHOOL FOR EXCELLENCE
09X412,34,356,376,351,BRONX HIGH SCHOOL OF BUSINESS
09X413,64,400,419,402,BRONX HIGH SCHOOL FOR MEDICAL SCIENCE
09X414,35,379,364,379,JONATHAN LEVIN HIGH SCHOOL FOR MEDIA AND COMMUNICATIONS
09X505,80,404,418,402,"BRONX SCHOOL FOR LAW, GOVERNMENT AND JUSTICE"
09X517,50,368,384,369,FREDERICK DOUGLASS ACADEMY III SECONDARY SCHOOL
09X525,114,384,394,388,BRONX LEADERSHIP ACADEMY HIGH SCHOOL
09X543,27,353,315,371,HIGH SCHOOL FOR VIOLIN AND DANCE
10X141,113,438,455,440,RIVERDALE / KINGSBRIDGE ACADEMY (MIDDLE SCHOOL / HIGH SCHOOL 141)
10X213,86,373,412,365,BRONX ENGINEERING AND TECHNOLOGY ACADEMY
10X225,59,405,391,394,THEATRE ARTS PRODUCTION COMPANY SCHOOL
10X237,79,382,393,382,"THE MARIE CURIE SCHOOL FOR MEDICINE, NURSING, AND HEALTH PROFESSIONS"
10X243,26,382,406,370,WEST BRONX ACADEMY FOR THE FUTURE
10X268,52,304,356,302,KINGSBRIDGE INTERNATIONAL HIGH SCHOOL
10X284,54,402,395,385,BRONX SCHOOL OF LAW AND FINANCE
10X319,s,s,s,s,PROVIDING URBAN LEARNERS SUCCESS IN EDUCATION HIGH SCHOOL
10X342,49,300,333,301,INTERNATIONAL SCHOOL FOR LIBERAL ARTS
10X368,111,390,408,383,INsTECH ACADEMY (M.S. / HIGH SCHOOL 368)
10X374,61,392,401,387,KNOWLEDGE AND POWER PREPARATORY ACADEMY INTERNATIONAL HIGH SCHOOL (KAPPA)
10X397,38,343,356,330,ENGLISH LANGUAGE LEARNERS AND INTERNATIONAL SUPPORT PREPARATORY ACADEMY (ELLIS)
10X433,57,370,371,365,HIGH SCHOOL FOR TEACHING AND THE PROFESSIONS
10X434,51,404,418,400,BELMONT PREPARATORY HIGH SCHOOL
10X437,48,355,350,372,FORDHAM HIGH SCHOOL FOR THE ARTS
10X438,63,367,385,367,FORDHAM LEADERSHIP ACADEMY FOR BUSINESS AND TECHNOLOGY
10X439,65,366,364,352,BRONX HIGH SCHOOL FOR LAW AND COMMUNITY SERVICE
10X440,443,419,426,410,DEWITT CLINTON HIGH SCHOOL
10X442,52,423,420,427,"CELIA CRUZ BRONX HIGH SCHOOL OF MUSIC, THE"
10X445,731,632,688,649,BRONX HIGH SCHOOL OF SCIENCE
10X475,109,351,362,339,JOHN F. KENNEDY HIGH SCHOOL
10X477,99,414,435,414,MARBLE HILL HIGH SCHOOL FOR INTERNATIONAL STUDIES
10X478,s,s,s,s,LEARNING TO WORK GED AT JOHN F. KENNEDY
10X546,68,348,362,354,BRONX THEATRE HIGH SCHOOL
10X549,55,372,379,364,DISCOVERY HIGH SCHOOL
10X660,73,362,382,356,GRACE DODGE CAREER AND TECHNICAL EDUCATION HIGH SCHOOL
10X667,10,350,356,317,GRACE DODGE YABC
10X696,92,636,648,636,HIGH SCHOOL OF AMERICAN STUDIES AT LEHMAN COLLEGE
11X249,74,370,381,382,BRONX HEALTH SCIENCES HIGH SCHOOL
11X253,46,400,357,390,BRONX HIGH SCHOOL FOR WRITING AND COMMUNICATION ARTS
11X265,81,377,391,367,BRONX LAB SCHOOL
11X270,56,386,394,361,ACADEMY FOR SCHOLARSHIP AND ENTREPRENEURSHIP: A COLLEGE BOARD SCHOOL
11X275,72,381,376,354,HIGH SCHOOL OF COMPUTERS AND TECHNOLOGY
11X288,97,444,471,433,COLLEGIATE INSTITUTE FOR MATH AND SCIENCE
11X290,69,387,365,383,BRONX ACADEMY OF HEALTH CAREERS
11X299,60,387,391,391,ASTOR COLLEGIATE ACADEMY
11X415,121,367,361,353,CHRISTOPHER COLUMBUS HIGH SCHOOL
11X417,s,s,s,s,YOUNG ADULT BOROUGH CNTR CHRISTOPHER COLUMBUS HS
11X418,48,419,433,416,BRONX HIGH SCHOOL FOR THE VISUAL ARTS
11X455,189,386,397,368,HARRY S TRUMAN HIGH SCHOOL
11X456,s,s,s,s,LEARNING TO WORK YABC AT TRUMAN HIGH SCHOOL
11X513,72,332,381,335,NEW WORLD HIGH SCHOOL
11X514,48,377,372,363,THE BRONXWOOD PREPARATORY ACADEMY
11X541,57,372,382,375,GLOBAL ENTERPRISE HIGH SCHOOL
11X542,76,431,438,419,PELHAM PREPARATORY ACADEMY
11X544,55,383,378,365,HIGH SCHOOL FOR CONTEMPORARY ARTS
11X545,46,388,393,382,BRONX AEROSPACE HIGH SCHOOL
12X245,25,348,344,354,NEW DAY ACADEMY
12X248,49,347,367,341,"METROPOLITAN HIGH SCHOOL, THE"
12X251,57,381,381,360,EXPLORATIONS ACADEMY
12X262,30,361,353,360,PERFORMANCE CONSERVATORY HIGH SCHOOL
12X267,36,408,432,411,BRONX LATIN
12X271,46,366,378,358,EAST BRONX ACADEMY FOR THE FUTURE
12X278,34,390,401,364,PEACE AND DIVERSITY ACADEMY
12X388,30,321,351,298,PAN AMERICAN INTERNATIONAL HIGH SCHOOL AT MONROE
12X428,s,s,s,s,LEARNING TO WORK YABC AT MONROE ACADEMY
12X446,14,380,372,349,ARTURO A. SCHOMBURG SATELLITE ACADEMY BRONX
12X478,s,s,s,s,THE CINEMA SCHOOL
12X479,s,s,s,s,BRONX CAREER AND COLLEGE PREPARATORY HIGH SCHOOL
12X480,16,398,385,398,BRONX REGIONAL HIGH SCHOOL
12X550,42,304,323,312,HIGH SCHOOL OF WORLD CULTURES
12X682,72,342,346,341,FANNIE LOU HAMER FREEDOM HIGH SCHOOL
12X684,66,378,374,362,WINGS ACADEMY
12X690,31,375,387,376,MONROE ACADEMY FOR BUSINESS/LAW
12X692,43,332,357,349,MONROE ACADEMY FOR VISUAL ARTS & DESIGN
13K265,29,352,349,373,DR. SUSAN S. MCKINNEY SECONDARY SCHOOL OF THE ARTS
13K336,9,439,374,418,ACADEMY OF BUSINESS AND COMMUNITY DEVELOPMENT
13K350,52,360,364,356,URBAN ASSEMBLY HIGH SCHOOL OF MUSIC AND ART
13K412,37,375,355,384,"BROOKLYN COMMUNITY HIGH SCHOOL OF COMMUNICATION, ARTS AND MEDIA"
13K419,92,399,417,395,"SCIENCE SKILLS CENTER HIGH SCHOOL FOR SCIENCE, TECHNOLOGY AND THE CREATIVE ARTS"
13K430,1277,587,659,587,BROOKLYN TECHNICAL HIGH SCHOOL
13K439,90,305,364,312,BROOKLYN INTERNATIONAL HIGH SCHOOL
13K483,105,400,417,389,THE URBAN ASSEMBLY SCHOOL FOR LAW AND JUSTICE
13K499,72,384,364,368,ACORN COMMUNITY HIGH SCHOOL
13K509,29,400,390,403,FREEDOM ACADEMY HIGH SCHOOL
13K527,s,s,s,s,URBAN ASSEMBLY INSTITUTE OF MATH AND SCIENCE FOR YOUNG WOMEN
13K553,8,435,383,379,BROOKLYN ACADEMY HIGH SCHOOL
13K575,13,398,391,394,BEDFORD STUYVESANT PREPARATORY HIGH SCHOOL
13K595,89,438,443,431,BEDFORD ACADEMY HIGH SCHOOL
13K605,85,406,391,392,GEORGE WESTINGHOUSE CAREER AND TECHNICAL EDUCATION HIGH SCHOOL
13K616,s,s,s,s,BROOKLYN HIGH SCHOOL FOR LEADERSHIP AND COMMUNITY SERVICE
13K670,185,471,472,448,BENJAMIN BANNEKER ACADEMY
13K674,20,441,499,413,"CITY POLYTECHNIC HIGH SCHOOL OF ENGINEERING, ARCHITECTURE, AND TECHNOLOGY"
14K071,102,365,361,359,JUAN MOREL CAMPOS SECONDARY SCHOOL
14K322,s,s,s,s,FOUNDATIONS ACADEMY
14K404,68,387,357,381,ACADEMY FOR YOUNG WRITERS
14K449,72,586,584,570,"BROOKLYN LATIN SCHOOL, THE"
14K454,41,407,386,396,GREEN SCHOOL: AN ACADEMY FOR ENVIRONMENTAL CAREERS
14K474,144,364,379,371,PROGRESS HIGH SCHOOL FOR PROFESSIONAL CAREERS
14K477,134,413,396,395,SCHOOL FOR LEGAL STUDIES
14K478,142,398,421,396,"THE HIGH SCHOOL FOR ENTERPRISE, BUSINESS AND TECHNOLOGY"
14K488,42,367,373,350,BROOKLYN PREPARATORY HIGH SCHOOL
14K558,72,363,385,364,WILLIAMSBURG HIGH SCHOOL FOR ARCHITECTURE AND DESIGN
14K561,113,397,410,380,WILLIAMSBURG PREPARATORY SCHOOL
14K586,31,371,377,355,LYONS COMMUNITY SCHOOL
14K610,94,367,376,350,AUTOMOTIVE HIGH SCHOOL
14K632,12,382,372,368,FRANCES PERKINS ACADEMY
14K685,28,359,335,341,EL PUENTE ACADEMY FOR PEACE AND JUSTICE
14K923,s,s,s,s,AUTOMOTIVE HIGH SCHOOL YABC
15K429,52,361,367,383,BROOKLYN SCHOOL FOR GLOBAL STUDIES
15K448,76,393,399,387,BROOKLYN SECONDARY SCHOOL FOR COLLABORATIVE STUDIES
15K462,59,398,411,394,SECONDARY SCHOOL FOR LAW
15K463,58,397,391,381,SECONDARY SCHOOL FOR JOURNALISM
15K464,72,379,416,380,PARK SLOPE COLLEGIATE
15K497,64,405,415,392,SCHOOL FOR INTERNATIONAL STUDIES
15K519,77,398,402,385,COBBLE HILL SCHOOL OF AMERICAN STUDIES
15K520,9,352,341,300,PACIFIC HIGH SCHOOL
15K529,s,s,s,s,WEST BROOKLYN COMMUNITY HIGH SCHOOL
15K530,28,368,365,368,METROPOLITAN CORPORATE ACADEMY HIGH SCHOOL
15K656,141,426,421,411,BROOKLYN HIGH SCHOOL OF THE ARTS
15K667,s,s,s,s,SUNSET PARK HIGH SCHOOL
15K698,8,430,416,425,SOUTH BROOKLYN COMMUNITY HIGH SCHOOL
16K393,20,355,355,358,FREDERICK DOUGLASS ACADEMY IV SECONDARY SCHOOL
16K455,131,365,370,362,BOYS AND GIRLS HIGH SCHOOL
16K498,46,362,372,358,BROOKLYN HIGH SCHOOL FOR LAW AND TECHNOLOGY
16K594,36,370,372,351,GOTHAM PROFESSIONAL ARTS ACADEMY
16K688,s,s,s,s,THE BROOKLYN ACADEMY OF GLOBAL FINANCE
17K382,59,396,374,369,ACADEMY FOR COLLEGE PREPARATION AND CAREER EXPLORATION: A COLLEGE BOARD SCHOOL
17K408,57,352,342,351,ACADEMY OF HOSPITALITY AND TOURISM
17K467,s,s,s,s,ERASMUS YABC
17K489,7,394,364,334,W.E.B. DUBOIS ACADEMIC HIGH SCHOOL
17K524,71,287,335,291,INTERNATIONAL HIGH SCHOOL AT PROSPECT HEIGHTS
17K528,46,403,385,388,THE HIGH SCHOOL FOR GLOBAL CITIZENSHIP
17K531,35,348,381,359,"SCHOOL FOR HUMAN RIGHTS, THE"
17K533,38,377,404,372,SCHOOL FOR DEMOCRACY AND LEADERSHIP
17K537,73,338,349,340,HIGH SCHOOL FOR YOUTH AND COMMUNITY DEVELOPMENT AT ERASMUS
17K539,61,362,375,368,HIGH SCHOOL FOR SERVICE & LEARNING AT ERASMUS
17K543,69,457,462,441,"SCIENCE, TECHNOLOGY AND RESEARCH EARLY COLLEGE HIGH SCHOOL AT ERASMUS"
17K544,54,386,391,369,INTERNATIONAL ARTS BUSINESS SCHOOL
17K546,79,418,441,414,HIGH SCHOOL FOR PUBLIC SERVICE: HEROES OF TOMORROW
17K547,63,388,382,373,BROOKLYN ACADEMY OF SCIENCE AND THE ENVIRONMENT
17K548,48,385,393,373,BROOKLYN SCHOOL FOR MUSIC & THEATRE
17K568,16,372,356,335,BROWNSVILLE ACADEMY HIGH SCHOOL
17K590,165,476,481,479,MEDGAR EVERS COLLEGE PREPARATORY SCHOOL
17K600,259,425,413,413,CLARA BARTON HIGH SCHOOL
17K625,53,365,363,355,PAUL ROBESON HIGH SCHOOL
17K751,s,s,s,s,ACADEMY FOR HEALTH CAREERS
18K563,56,313,320,330,IT TAKES A VILLAGE ACADEMY
18K566,29,374,377,394,BROOKLYN GENERATION SCHOOL
18K567,54,383,358,377,BROOKLYN THEATRE ARTS HIGH SCHOOL
18K569,43,368,378,346,KURT HAHN EXPEDITIONARY LEARNING SCHOOL
18K576,63,387,377,379,VICTORY COLLEGIATE HIGH SCHOOL
18K578,17,384,362,351,BROOKLYN BRIDGE ACADEMY
18K589,48,361,360,359,ARTS & MEDIA PREPARATORY ACADEMY
18K617,37,404,393,386,HIGH SCHOOL FOR INNOVATION IN ADVERTISING AND MEDIA
18K629,33,393,395,381,CULTURAL ACADEMY FOR THE ARTS AND SCIENCES
18K633,75,386,380,393,HIGH SCHOOL FOR MEDICAL PROFESSIONS
18K635,7,400,370,370,OLYMPUS ACADEMY
18K637,35,363,381,367,ACADEMY FOR CONSERVATION AND THE ENVIRONMENT
18K642,40,376,385,374,URBAN ACTION ACADEMY
18K673,12,410,403,378,EAST BROOKLYN COMMUNITY HIGH SCHOOL
19K409,54,416,432,394,EAST NEW YORK FAMILY ACADEMY
19K420,s,s,s,s,FRANKLIN K. LANE HIGH SCHOOL
19K431,s,s,s,s,THOMAS JEFFERSON YABC
19K502,37,341,349,333,FDNY HIGH SCHOOL FOR FIRE AND LIFE SAFETY
19K504,47,363,349,342,HIGH SCHOOL FOR CIVIL RIGHTS
19K507,61,380,386,383,PERFORMING ARTS AND TECHNOLOGY HIGH SCHOOL
19K510,68,371,365,370,WORLD ACADEMY FOR TOTAL COMMUNITY HEALTH HIGH SCHOOL
19K583,29,279,322,286,MULTICULTURAL HIGH SCHOOL
19K615,182,395,418,380,TRANSIT TECH CAREER AND TECHNICAL EDUCATION HIGH SCHOOL
19K618,60,371,371,354,ACADEMY OF INNOVATIVE TECHNOLOGY
19K639,57,360,385,363,BROOKLYN LAB SCHOOL
19K659,51,376,385,368,CYPRESS HILLS COLLEGIATE PREPARATORY SCHOOL
19K660,74,370,369,363,W. H. MAXWELL CAREER AND TECHNICAL EDUCATION HIGH SCHOOL
19K683,38,383,400,374,"THE SCHOOL FOR CLASSICS: AN ACADEMY OF THINKERS, WRITERS AND PERFORMERS"
20K445,456,402,471,399,NEW UTRECHT HIGH SCHOOL
20K485,238,425,474,424,HIGH SCHOOL OF TELECOMMUNICATION ARTS AND TECHNOLOGY
20K490,694,417,478,411,FORT HAMILTON HIGH SCHOOL
20K505,385,383,486,375,FRANKLIN DELANO ROOSEVELT HIGH SCHOOL
20K609,s,s,s,s,THE URBAN ASSEMBLY SCHOOL FOR CRIMINAL JUSTICE
20K658,18,338,477,316,FRANKLIN DELANO ROOSEVELT YABC
21K337,54,326,386,314,INTERNATIONAL HIGH SCHOOL AT LAFAYETTE
21K344,54,402,427,408,RACHEL CARSON HIGH SCHOOL FOR COASTAL STUDIES
21K348,39,388,398,378,HIGH SCHOOL OF SPORTS MANAGEMENT
21K410,475,396,437,393,ABRAHAM LINCOLN HIGH SCHOOL
21K412/21K411,s,s,s,s,ABRAHAM LINCOLN YABC/LEARNING TO WORK GED AT ABRAHAM LINCOLN
21K468,s,s,s,s,KINGSBOROUGH EARLY COLLEGE SCHOOL
21K525,727,468,496,467,EDWARD R. MURROW HIGH SCHOOL
21K540,448,404,468,390,JOHN DEWEY HIGH SCHOOL
21K559,40,384,375,365,LIFE ACADEMY HIGH SCHOOL FOR FILM AND MUSIC
21K572,40,353,370,356,EXPEDITIONARY LEARNING SCHOOL FOR COMMUNITY LEADERS
21K620,95,394,414,376,WILLIAM E. GRADY CAREER AND TECHNICAL EDUCATION HIGH SCHOOL
21K690,119,429,449,435,BROOKLYN STUDIO SECONDARY SCHOOL
21K728,10,411,369,373,LIBERATION DIPLOMA PLUS
22K405,824,478,519,476,MIDWOOD HIGH SCHOOL
22K425,518,436,475,439,JAMES MADISON HIGH SCHOOL
22K495,236,383,392,370,SHEEPSHEAD BAY HIGH SCHOOL
22K535,259,524,561,542,LEON M. GOLDSTEIN HIGH SCHOOL FOR THE SCIENCES
22K555,131,456,456,440,BROOKLYN COLLEGE ACADEMY
23K493,60,389,409,387,BROOKLYN COLLEGIATE: A COLLEGE BOARD SCHOOL
23K514,55,361,371,359,FREDERICK DOUGLASS ACADEMY VII HIGH SCHOOL
23K643,11,349,338,331,BROOKLYN DEMOCRACY ACADEMY
23K646,7,311,371,311,ASPIRATIONS DIPLOMA PLUS HIGH SCHOOL
23K647,17,350,346,332,METROPOLITAN DIPLOMA PLUS HIGH SCHOOL
23K697,69,392,416,388,TEACHERS PREPARATORY HIGH SCHOOL
24Q264,89,405,454,421,ACADEMY OF FINANCE AND ENTERPRISE
24Q267,39,406,413,400,HIGH SCHOOL OF APPLIED COMMUNICATION
24Q293,69,404,429,407,CIVIC LEADERSHIP ACADEMY
24Q296,55,317,323,311,PAN AMERICAN INTERNATIONAL HIGH SCHOOL
24Q299,155,545,568,550,BARD HIGH SCHOOL EARLY COLLEGE II
24Q455,320,383,440,380,NEWTOWN HIGH SCHOOL
24Q457,s,s,s,s,YOUNG ADULT BOROUGH CENTER AT ARTS AND BUSINESS HS
24Q485,241,395,420,396,GROVER CLEVELAND HIGH SCHOOL
24Q520,58,399,393,385,MIDDLE COLLEGE HIGH SCHOOL AT LAGUARDIA COMMUNITY COLLEGE
24Q530,69,326,409,329,INTERNATIONAL HIGH SCHOOL AT LAGUARDIA COMMUNITY COLLEGE
24Q550,138,391,403,380,HIGH SCHOOL FOR ARTS AND BUSINESS
24Q560,80,443,447,440,"ROBERT F. WAGNER, JR. SECONDARY SCHOOL FOR ARTS AND TECHNOLOGY"
24Q600,155,417,447,406,QUEENS VOCATIONAL AND TECHNICAL HIGH SCHOOL
24Q610,396,445,496,423,AVIATION CAREER & TECHNICAL EDUCATION HIGH SCHOOL
24Q744,s,s,s,s,VOYAGES PREPARATORY
25Q252,58,455,498,443,"QUEENS SCHOOL OF INQUIRY, THE"
25Q263,45,314,417,318,FLUSHING INTERNATIONAL HIGH SCHOOL
25Q281,59,416,463,392,EASTsWEST SCHOOL OF INTERNATIONAL STUDIES
25Q285,63,471,489,481,WORLD JOURNALISM PREPARATORY: A COLLEGE BOARD SCHOOL
25Q425,558,397,451,395,JOHN BOWNE HIGH SCHOOL
25Q460,347,393,441,382,FLUSHING HIGH SCHOOL
25Q467,9,378,373,344,FLUSHING YABC
25Q525,278,621,651,638,TOWNSEND HARRIS HIGH SCHOOL
25Q540,17,398,382,388,QUEENS ACADEMY HIGH SCHOOL
25Q670,99,431,458,441,ROBERT F. KENNEDY COMMUNITY HIGH SCHOOL
25Q792,7,379,421,377,NORTH QUEENS COMMUNITY HIGH SCHOOL
26Q415,888,480,545,489,BENJAMIN N. CARDOZO HIGH SCHOOL
26Q430,934,468,539,467,FRANCIS LEWIS HIGH SCHOOL
26Q435,334,391,397,384,MARTIN VAN BUREN HIGH SCHOOL
26Q495,708,462,523,464,BAYSIDE HIGH SCHOOL
26Q566,175,425,434,420,"QUEENS HIGH SCHOOL OF TEACHING, LIBERAL ARTS AND THE SCIENCES"
27Q260,87,387,385,373,FREDERICK DOUGLASS ACADEMY VI HIGH SCHOOL
27Q262,74,432,419,401,CHANNEL VIEW SCHOOL FOR RESEARCH
27Q302,44,391,401,364,"QUEENS HIGH SCHOOL FOR INFORMATION, RESEARCH, AND TECHNOLOGY"
27Q308,93,423,426,416,ROBERT H. GODDARD HIGH SCHOOL OF COMMUNICATION ARTS AND TECHNOLOGY
27Q309,36,367,379,348,ACADEMY OF MEDICAL TECHNOLOGY: A COLLEGE BOARD SCHOOL
27Q323,89,499,537,496,SCHOLARS' ACADEMY
27Q400,101,377,371,360,AUGUST MARTIN HIGH SCHOOL
27Q410,78,384,396,354,BEACH CHANNEL HIGH SCHOOL
27Q475,404,382,404,368,RICHMOND HILL HIGH SCHOOL
27Q480,403,391,409,392,JOHN ADAMS HIGH SCHOOL
27Q650,194,429,491,425,"HIGH SCHOOL FOR CONSTRUCTION TRADES, ENGINEERING AND ARCHITECTURE"
28Q284,s,s,s,s,YORK EARLY COLLEGE ACADEMY
28Q310,68,420,445,400,QUEENS COLLEGIATE: A COLLEGE BOARD SCHOOL
28Q325,s,s,s,s,HILLSIDE ARTS & LETTERS ACADEMY
28Q338,6,403,408,367,QUEENS SATELLITE HIGH SCHOOL FOR OPPORTUNITY
28Q350,25,430,452,425,JAMAICA GATEWAY TO THE SCIENCES
28Q440,762,456,497,454,FOREST HILLS HIGH SCHOOL
28Q470,90,342,368,353,JAMAICA HIGH SCHOOL
28Q505,462,395,413,386,HILLCREST HIGH SCHOOL
28Q620,422,452,478,442,THOMAS A. EDISON CAREER AND TECHNICAL EDUCATION HIGH SCHOOL
28Q680,99,513,523,502,QUEENS GATEWAY TO HEALTH SCIENCES SECONDARY SCHOOL
28Q686,s,s,s,s,QUEENS METROPOLITAN HIGH SCHOOL
28Q687,121,612,660,596,QUEENS HIGH SCHOOL FOR THE SCIENCES AT YORK COLLEGE
28Q690,74,406,406,384,HIGH SCHOOL FOR LAW ENFORCEMENT AND PUBLIC SAFETY
28Q896,68,439,445,432,"YOUNG WOMEN'S LEADERSHIP SCHOOL, QUEENS"
29Q248,52,360,380,359,QUEENS PREPARATORY ACADEMY
29Q259,46,401,397,375,PATHWAYS COLLEGE PREPARATORY SCHOOL: A COLLEGE BOARD SCHOOL
29Q265,49,402,398,402,EXCELSIOR PREPARATORY HIGH SCHOOL
29Q272,59,436,427,424,GEORGE WASHINGTON CARVER HIGH SCHOOL FOR THE SCIENCES
29Q283,43,370,367,363,PREPARATORY ACADEMY FOR WRITERS: A COLLEGE BOARD SCHOOL
29Q326,s,s,s,s,CAMBRIA HEIGHTS ACADEMY
29Q492,78,400,426,394,"MATHEMATICS, SCIENCE RESEARCH AND TECHNOLOGY MAGNET HIGH SCHOOL"
29Q494,52,385,377,377,"LAW, GOVERNMENT AND COMMUNITY SERVICE HIGH SCHOOL"
29Q496,49,379,414,359,"BUSINESS, COMPUTER APPLICATIONS & ENTREPRENEURSHIP HIGH SCHOOL"
29Q498,62,393,381,377,HUMANITIES & ARTS MAGNET HIGH SCHOOL
30Q286,s,s,s,s,"YOUNG WOMEN'S LEADERSHIP SCHOOL, ASTORIA"
30Q301,98,410,440,405,ACADEMY FOR CAREERS IN TELEVISION AND FILM
30Q445,395,414,449,412,WILLIAM CULLEN BRYANT HIGH SCHOOL
30Q450,392,403,420,395,LONG ISLAND CITY HIGH SCHOOL
30Q501,174,504,496,494,FRANK SINATRA SCHOOL OF THE ARTS HIGH SCHOOL
30Q502,148,407,434,398,INFORMATION TECHNOLOGY HIGH SCHOOL
30Q555,143,323,475,329,NEWCOMERS HIGH SCHOOL
30Q575,135,487,492,491,ACADEMY OF AMERICAN STUDIES
30Q580,61,524,568,544,BACCALAUREATE SCHOOL FOR GLOBAL EDUCATION
31R047,137,452,451,450,CSI HIGH SCHOOL FOR INTERNATIONAL STUDIES
31R064,61,398,412,385,GAYNOR MCCOWN EXPEDITIONARY LEARNING SCHOOL
31R080,107,472,488,466,THE MICHAEL J. PETRIDES SCHOOL
31R440,391,424,437,416,NEW DORP HIGH SCHOOL
31R445,271,424,438,417,PORT RICHMOND HIGH SCHOOL
31R450,375,437,435,429,CURTIS HIGH SCHOOL
31R455,807,462,486,470,TOTTENVILLE HIGH SCHOOL
31R460,535,455,474,459,SUSAN E. WAGNER HIGH SCHOOL
31R470,10,466,455,414,CONCORD HIGH SCHOOL
31R600,94,416,422,397,RALPH R. MCKEE CAREER AND TECHNICAL EDUCATION HIGH SCHOOL
31R605,227,635,682,636,STATEN ISLAND TECHNICAL HIGH SCHOOL
31R607,10,405,375,370,YOUNG ADULT BOROUGH CENTER AT STATEN IS TECH HS
32K403,50,380,366,352,ACADEMY FOR ENVIRONMENTAL LEADERSHIP
32K545,88,384,409,361,EBC HIGH SCHOOL FOR PUBLIC SERVICEâ€“BUSHWICK
32K549,75,348,353,334,BUSHWICK SCHOOL FOR SOCIAL JUSTICE
32K552,67,342,364,354,ACADEMY OF URBAN PLANNING
32K554,39,428,465,422,ALL CITY LEADERSHIP SECONDARY SCHOOL
32K556,23,347,358,350,BUSHWICK LEADERS HIGH SCHOOL FOR ACADEMIC EXCELLENCE
32K564,24,359,317,358,BUSHWICK COMMUNITY HIGH SCHOOL
75K371,s,s,s,s,P.S. 371 s LILLIAN L. RASHKIS
75M035,s,s,s,s,P.S. 035
75Q256,s,s,s,s,P.S. Q256
75Q811,32,429,444,433,P.S. Q811
75R025,s,s,s,s,SOUTH RICHMOND HIGH SCHOOL I.S./P.S. 25
75X012,s,s,s,s,P.S. X012 LEWIS AND CLARK SCHOOL
75X754,s,s,s,s,J. M. RAPPORT SCHOOL CAREER DEVELOPMENT
79M645,s,s,s,s,SCHOOL FOR COOPERATIVE TECHNICAL EDUCATION
79Q950,8,496,400,426,GED PLUS s CITYWIDE
79X490,9,367,370,360,PHOENIX ACADEMY
